20,Paul Merrill,1-313-739-3854,916-8087 Vehicula Rd.,Le Mans,Somalia,diam.Pellentesque@suscipitest.ca
21,Brynne S. Barr,939-4818,878-2231 Suspendisse Rd.,Wilhelmshaven,Samoa,euismod.et.commodo@nisi.co.uk
22,Cyrus Buckley,266-3123,"P.O. Box 572, 7680 Ullamcorper Ave",Sangli,Taiwan,accumsan.laoreet.ipsum@Quisqueimperdiet.ca
23,Chloe Burnett,828-0406,563-4105 Donec Avenue,Wabamun,Morocco,nec.orci.Donec@Suspendisse.co.uk
24,Zachery Wilcox,1-611-756-4723,462-2112 In Rd.,Barddhaman,Hong Kong,eget@tinciduntaliquamarcu.com
25,Casey Mcgowan,1-155-558-4461,420-7327 Facilisis Street,Pfungstadt,Iran,tellus.faucibus.leo@Sedpharetrafelis.org
26,Cole X. Hopper,1-328-505-0545,561-7476 Eget St.,Saint John,Macao,urna@Lorem.net
27,Tara Bender,1-757-378-4079,1247 Nonummy Rd.,Avellino,Dominica,libero.Integer@ligulaelitpretium.org
28,Malik Grimes,793-4359,Ap #603-3303 Libero. St.,Winnipeg,Congo (Brazzaville),Donec.nibh.enim@consectetuercursuset.org
29,Ulla Russo,662-7778,"P.O. Box 975, 4593 Ante. Street",Vitória da Conquista,Slovakia,mauris.sit.amet@blanditatnisi.ca
30,Colby Moran,1-788-230-1991,3696 Augue Ave,Hualpén,France,eu@Aenean.edu
31,Maggy Wooten,912-7242,"P.O. Box 365, 6109 Metus. Rd.",Kapuskasing,Indonesia,facilisis.eget.ipsum@consequat.com
32,Cameron Guthrie,988-2217,Ap #861-8699 Non Ave,Pontypridd,Turks and Caicos Islands,ipsum@liberoDonec.net
33,Gail Villarreal,1-405-823-4207,371-7266 Tortor Avenue,Saint-Remy-Geest,Marshall Islands,Curabitur.dictum.Phasellus@maurisipsum.edu
34,Harding Salinas,1-505-843-5401,4167 Nunc Ave,Arsimont,Montserrat,Fusce.aliquam@velesttempor.edu
35,Idona W. Bonner,283-6921,Ap #302-2966 Cum Av.,Nieuwenrode,Faroe Islands,elementum.lorem@convallisdolor.co.uk
36,Warren Castillo,1-250-875-9104,Ap #275-2917 Curabitur Rd.,La Baie,Ireland,Aenean@ametrisus.com
37,Clayton Harmon,1-609-380-9257,6930 Duis Road,College,United States,bibendum@interdumfeugiatSed.edu
38,Alana Vasquez,1-853-288-4269,1511 Lobortis Ave,Richmond Hill,Israel,faucibus.id.libero@egestas.net
39,Mason R. Trujillo,172-5777,Ap #711-213 Sagittis Avenue,Quinta Normal,Sudan,egestas@malesuadamalesuadaInteger.ca
