40,Garrison Lindsey,420-1477,"P.O. Box 466, 7919 In Av.",Dunbar,Zambia,ipsum.ac@quam.net
41,Jenna Mercado,102-2189,"P.O. Box 484, 9648 Sit Avenue",Pollena Trocchia,Burkina Faso,Nulla.facilisis.Suspendisse@urnanec.net
42,Drake Savage,1-790-105-7695,"P.O. Box 254, 2688 Luctus, Street",Hastings,Tunisia,quis.accumsan.convallis@fringilla.edu
43,Rana Z. Colon,486-7539,Ap #682-9992 Neque Rd.,Gespeg,Canada,rutrum.non.hendrerit@etlacinia.com
44,Melodie Knox,1-479-861-6093,245-8811 Ut St.,Whitehorse,Norway,arcu@laciniaorciconsectetuer.ca
45,Cooper T. Horton,768-1000,"P.O. Box 383, 139 A Ave",Fernie,Israel,sit@eros.ca
46,Eaton Nelson,746-8562,7989 Magna Rd.,Ludlow,Cocos (Keeling) Islands,eu@aenim.ca
47,Lucian W. Lynn,1-392-783-0634,7312 Tristique St.,Tirrases,Western Sahara,purus.Duis.elementum@ut.org
48,Sydney Anderson,1-610-717-0447,"P.O. Box 720, 9179 Fermentum Street",Ingolstadt,Saint Vincent and The Grenadines,ante.ipsum.primis@ornare.org
49,Jane Joyner,1-131-574-3183,200-5702 Mollis St.,HavrŽ,Austria,magna.sed.dui@diamPellentesquehabitant.com
50,Yen P. Browning,473-1433,Ap #221-1593 Fringilla St.,Gentbrugge,Isle of Man,enim@nuncinterdum.edu
51,Katell Simmons,1-647-852-3590,"P.O. Box 133, 5382 Enim Ave",Rionero in Vulture,Hong Kong,dui.lectus@erat.org
52,Freya B. Fischer,514-9914,Ap #869-5869 Neque Avenue,Pudahuel,Rwanda,Cras@dictumeu.org
53,Rama W. Mack,1-849-217-6292,2992 Vitae Rd.,Moricone,Jamaica,neque.vitae@nullamagna.edu
54,Lawrence Z. Carrillo,352-3711,6427 Eros Avenue,Northumberland,Latvia,Integer.vitae@arcu.org
55,Quyn Serrano,1-450-807-5530,"P.O. Box 133, 6862 Diam Road",Lagonegro,Ireland,tincidunt@egestasadui.co.uk
56,Indira L. Mccormick,1-330-764-3846,"P.O. Box 679, 7373 Mollis Ave",Rampur,Saint Pierre and Miquelon,eleifend@purus.ca
57,Rina W. Harris,760-1654,"P.O. Box 642, 2289 Volutpat. Street",Dolceacqua,Ghana,eget.venenatis.a@Curae.com
58,Cherokee George,1-722-165-1370,221-3908 Pellentesque Av.,Ourense,Ukraine,amet.risus@risusaultricies.co.uk
59,Michael Riddle,476-0145,581-1223 Aliquam Rd.,Logan City,Guatemala,In@ornarelectusjusto.net
60,Kay Rice,477-5481,"2398 Lectus, Road",Rutten,Isle of Man,ornare@egestas.co.uk
61,Arden Leonard,383-6541,1274 Nullam St.,Esslingen,Italy,pede.Suspendisse.dui@ullamcorper.ca
62,Chantale Sharpe,1-600-834-9076,1229 Nisl. Av.,Windsor,Mauritius,Suspendisse.commodo.tincidunt@placerat.ca
63,Calvin Herman,1-461-665-6848,263-4846 Sed St.,Castel Maggiore,Romania,iaculis.lacus@ipsumprimis.com
64,Walter R. Gaines,370-5831,3247 Parturient Ave,Kitchener,Niger,sit@risusDonec.net
65,Berk Finley,1-765-752-4793,6138 Faucibus Ave,Cavallino,Chile,sapien.molestie@nonbibendum.edu
66,Timothy Chambers,819-2872,865-2066 Vel Rd.,Dordrecht,Egypt,purus.sapien@odioAliquamvulputate.edu
67,Ariana M. Olson,447-5000,"173-4952 Pede, Avenue",Zwevegem,Dominican Republic,augue.malesuada@magnisdisparturient.co.uk
68,Mason E. Kelly,1-896-767-7525,593 Turpis. Av.,Fraser-Fort George,Uganda,Maecenas.mi@tortordictumeu.org
69,Keane Stein,457-2683,567-6664 Egestas St.,Burgos,Turks and Caicos Islands,rhoncus.Donec@placerataugueSed.com
70,Ginger Morse,1-228-310-1687,"P.O. Box 618, 8055 Integer St.",Bosa,Anguilla,in@eratEtiam.net
71,Maggy Cotton,1-541-405-3049,7304 Euismod Avenue,Sommariva Perno,Kyrgyzstan,amet@facilisisvitae.ca
72,Talon R. May,143-7688,890-4439 Varius. Avenue,Richmond,Turkmenistan,sit.amet.nulla@orciluctus.org
73,Devin L. Boone,1-132-242-8605,1488 Dignissim Ave,Teruel,Switzerland,nec.tempus.scelerisque@ettristiquepellentesque.ca
74,Orli E. Baxter,371-7491,1506 Egestas Rd.,Piła,Croatia,eget.tincidunt@Curabiturvellectus.net
75,Wing Velazquez,354-5776,859-3576 Tincidunt Street,Oostkamp,Mayotte,consequat.nec.mollis@vitaeodiosagittis.edu
76,Inez Simon,461-0691,Ap #788-4701 Aliquet St.,Chaitén,Antigua and Barbuda,laoreet@magnaUt.org
77,Kyle Leonard,179-3944,685-2553 Ultrices Avenue,Placilla,Botswana,Ut.nec@pedeSuspendissedui.edu
78,Selma Christensen,978-6407,Ap #595-189 Malesuada Road,Mira Bhayandar,Montserrat,ut@Maecenasiaculis.co.uk
79,Gwendolyn Crosby,692-9172,997 Posuere Rd.,San Miguel,Albania,molestie.orci.tincidunt@feugiat.org
80,Gary Alvarez,1-692-738-4449,Ap #890-8397 Euismod Ave,Westende,Dominican Republic,Donec@consequat.co.uk
81,Knox L. Cash,535-9704,"P.O. Box 469, 4278 Condimentum Rd.",Gönen,American Samoa,nunc@erat.co.uk
82,Drake P. Guerrero,250-6382,6247 Aliquet Av.,Caerphilly,Guyana,Maecenas@temporaugueac.com
83,Blossom Chandler,142-2607,7121 Diam. Rd.,Illapel,Czech Republic,in@est.ca
84,Joan O. Ingram,1-889-203-6592,8198 Curae; Av.,Baton Rouge,Wallis and Futuna,Suspendisse@lectusNullam.co.uk
85,Buffy R. Austin,413-3678,203-4493 A Road,Herentals,Iraq,nulla.ante@purus.net
86,Yoko M. Mcgowan,1-731-637-5890,"P.O. Box 881, 7563 Nisl. Av.",Bihain,Guinea,lobortis.mauris.Suspendisse@seddolor.org
87,Walker Q. Wolfe,1-240-595-6907,482-4531 Mauris Rd.,Schepdaal,Moldova,vitae@miac.edu
88,Blake Cross,979-7498,Ap #678-3509 Nascetur Av.,Albany,Sint Maarten,vel.venenatis.vel@orcilobortis.net
89,Naida Guthrie,1-138-699-9182,"P.O. Box 656, 5397 Gravida. Ave",Tulita,Sudan,sit.amet@tinciduntvehicularisus.org
90,Yardley Singleton,945-1641,Ap #815-7648 Non Rd.,Duffel,Botswana,adipiscing@Duisdignissimtempor.com
91,Lenore M. Boyer,513-0044,Ap #836-7039 Lorem Avenue,Attimis,Venezuela,semper.dui.lectus@rutrumnon.com
92,Edan Cortez,1-223-433-5209,"159-6608 Eu, St.",High Level,Algeria,Mauris.vestibulum.neque@odio.ca
93,Quintessa T. Martinez,1-672-341-8336,8916 Pede St.,Rothesay,Tajikistan,consectetuer@inmagnaPhasellus.edu
94,Reuben Skinner,1-790-135-9618,Ap #810-9918 Enim Street,Essex,Bahamas,eu.metus.In@magnis.edu
95,Yoshio Leblanc,1-508-613-2127,177-9263 Vitae Ave,Redwater,Bahamas,euismod.est@cursusinhendrerit.edu
96,Rebecca French,397-3408,870-7596 Eros Rd.,Pocatello,Northern Mariana Islands,orci.Phasellus@enim.org
97,Shana K. Kerr,354-7392,Ap #215-8596 Cursus Ave,Toronto,Estonia,augue@vitae.edu
98,Gemma Leonard,175-7956,"P.O. Box 634, 4298 Elit. Rd.",Cuccaro Vetere,Saudi Arabia,mi.lorem@Maurismolestie.co.uk
99,Adara Estrada,1-893-111-1453,624-5679 Nulla. Rd.,Gijzelbrechtegem,Kyrgyzstan,faucibus.ut.nulla@dapibus.ca
